<?xml version="1.0" encoding="UTF-8"?>
<!DOCTYPE office:document-meta PUBLIC "-//OpenOffice.org//DTD OfficeDocument 1.0//EN" "office.dtd"><office:document-meta xmlns:office="http://openoffice.org/2000/office" xmlns:xlink="http://www.w3.org/1999/xlink" xmlns:dc="http://purl.org/dc/elements/1.1/" xmlns:meta="http://openoffice.org/2000/meta" xmlns:presentation="http://openoffice.org/2000/presentation" office:version="1.0"><office:meta><meta:generator>OpenOffice.org 1.1.0 (Win32)</meta:generator><!--645m19(Build:8693)--><dc:title>מצגת של PowerPoint</dc:title><meta:initial-creator>yosarian</meta:initial-creator><meta:creation-date>2004-03-07T00:31:17</meta:creation-date><dc:date>2004-03-17T10:07:06</dc:date><meta:print-date>2004-03-17T09:39:54</meta:print-date><dc:language>en-US</dc:language><meta:editing-cycles>20</meta:editing-cycles><meta:editing-duration>PT3H58M58S</meta:editing-duration><meta:user-defined meta:name="Info 1"/><meta:user-defined meta:name="Info 2"/><meta:user-defined meta:name="Info 3"/><meta:user-defined meta:name="Info 4"/><meta:document-statistic meta:object-count="325"/></office:meta></office:document-meta>